demo;Demo;Demo;demo;demo@openwebinars.net
alopez;Alberto;López;alopez;alopez@openwebinars.net
mjimenez;Manuel;Jiménez;mjimenez;mjimenez@openwebinars.net
jortelli;Juan;Ortelli;jortelli;jortelli@openwebinars.net
lcampos;Luisa;Campos;lcampos;lcampos@openwebinars.net
tmoreno;Teresa;Moreno;tmoreno;tmoreno@openwebinars.net
aneira;Ángela;Neira;aneira;aneira@openwebinars.net